neurons,batch_size,learning_rate,activation,score
350,4,0.001,linear,0.00035537051735445857
350,4,0.001,relu,0.008116035722196102
350,4,0.001,tanh,0.00853701215237379
400,4,0.001,linear,0.009870815090835094
400,4,0.001,relu,0.007856151089072227
400,4,0.001,tanh,0.009357224218547344
